Date,Open,Close,High,Low,Volume,Significant
2020-01-01,7208.2,7212.7,7285.1,7185.4,2071.05604595,0
2020-01-02,7212.395985,6989.4,7225.8,6963.0,4849.33844669,0
2020-01-03,6989.4,7371.2,7444.9,6909.3,6681.66874052,0
2020-01-04,7371.1,7369.83176114,7422.0,7297.3,4265.71285464,0
2020-01-05,7370.3,7364.6,7509.9,7315.8,4450.63547483,0
2020-01-06,7363.9,7757.9,7785.0,7358.0,8541.27969512,0
2020-01-07,7759.5,8154.1,8210.3,7741.9,12355.97377472,0
2020-01-08,8158.3,8036.8,8442.0,7877.6,11756.80045611,0
2020-01-09,8036.8,7817.4514653,8036.8,7756.0,4671.29012564,0
2020-01-10,7817.4,8184.5,8185.9,7675.8,7857.9180030200005,0
2020-01-11,8180.3,8013.7,8282.4,7991.8,4254.51762488,0
2020-01-12,8013.63408437,8174.7,8174.7,7951.7,3207.41767775,0
2020-01-13,8174.6670523,8095.8,8199.7,8053.6,2593.23954615,0
2020-01-14,8095.8,8772.6,8829.0,8095.8,16573.65972765,1
2020-01-15,8771.0,8807.7,8873.0,8560.1,8779.11954403,0
2020-01-16,8807.7,8720.6,8839.9,8579.8,5311.58250504,0
2020-01-17,8719.54720583,8875.4,9000.0,8674.2,9692.87415905,0
2020-01-18,8875.5,8891.6,8965.0,8791.12468089,3460.77284892,0
2020-01-19,8891.5,8698.7,9169.5,8450.0,12407.35672898,0
2020-01-20,8698.7,8638.2,8741.1,8519.6,4105.40575415,0
2020-01-21,8638.2,8734.1,8787.17417425,8500.0,3251.16389954,0
2020-01-22,8734.2,8663.9,8799.9,8580.5,2354.22930226,0
2020-01-23,8663.8,8403.56851721,8670.4,8296.0,5703.90855399,0
2020-01-24,8403.56851721,8447.12967307,8523.0,8246.0,3508.74666982,0
2020-01-25,8447.1,8353.7,8447.2,8280.0,2101.66598957,0
2020-01-26,8353.7,8621.5,8631.6,8301.0,3518.08289784,0
2020-01-27,8621.6,8912.0,9001.86207428,8585.0,6276.878829,0
2020-01-28,8912.0570368,9397.0,9414.0,8911.1,9119.89518062,0
2020-01-29,9393.67551447,9300.3,9442.3,9242.2,4603.22515537,0
2020-01-30,9305.2,9512.71161782,9550.0,9122.8,9020.7746299,0
2020-01-31,9497.68,9497.66,9508.46,9497.66,0.00202924,0
2020-02-01,9367.5,9408.0,9476.4,9318.0,2534.89130183,0
2020-02-02,9409.4,9352.2,9501.3,9165.0,6439.08974277,0
2020-02-03,9353.0,9309.3,9628.6,9247.0,6717.98950381,0
2020-02-04,9309.2,9197.4,9359.8,9112.5,4069.49633762,0
2020-02-05,9197.4,9612.0,9731.9,9180.2023255,10769.12701241,0
2020-02-06,9612.1,9744.90010004,9860.0,9547.0,8583.738804,0
2020-02-07,9745.0,9805.2,9860.0,9683.9,3703.84268634,0
2020-02-08,9805.2,9877.2,9920.8,9657.8,5525.97872617,0
2020-02-09,9877.3,10151.0,10165.0,9871.1,9637.91116045,0
2020-02-10,10151.93578445,9851.2,10187.0,9701.0,8521.96836298,0
2020-02-11,9851.7,10247.0,10316.0,9720.0,8425.2741537,0
2020-02-12,10247.0,10338.0,10460.0,10238.0,8707.36085065,0
2020-02-13,10338.0,10222.0,10491.0,10058.0,8976.65463806,0
2020-02-14,10222.82359378,10335.0,10373.0,10101.0,4127.43243172,0
2020-02-15,10335.0,9900.9,10373.0,9800.0,6397.60288513,0
2020-02-16,9901.0,9926.8,10037.0,9651.3,6931.63016385,0
2020-02-17,9925.3,9708.0,9969.2,9501.5,9300.64272414,0
2020-02-18,9712.0,10184.0,10275.0,9625.8,8248.34330105,0
2020-02-19,10184.0,9592.3,10310.0,9290.0,13936.96722914,0
2020-02-20,9590.8,9608.1,9699.9,9359.7,6497.36311172,0
2020-02-21,9609.2,9692.9,9760.3,9566.8,11101.12445238,0
2020-02-22,9692.9,9663.0,9719.0,9565.1,1844.44583851,0
2020-02-23,9663.0,9985.0,10001.0,9660.0,7322.16782784,0
2020-02-24,9985.0,9674.1,10022.0,9441.2,6591.77164856,0
2020-02-25,9674.0,9327.5,9691.9,9251.4,8488.33003873,0
2020-02-26,9327.4,8813.2,9385.9,8652.7,14585.8037278,0
2020-02-27,8807.1,8825.6,8975.0,8555.0,8392.7080767,0
2020-02-28,8825.66115173,8728.0,8908.3,8455.09929552,7079.49848295,0
2020-02-29,8704.88,8704.4,8708.09,8702.46,0.05675069,0
2020-03-01,8561.4,8556.7,8775.0,8460.0,5391.10657424,0
2020-03-02,8556.7,8938.4,8990.8,8524.62816151,5322.09121706,0
2020-03-03,8938.6,8791.1,8940.0,8686.2,5324.51374097,0
2020-03-04,8792.3,8788.6,8877.7,8718.4,4170.44984814,0
2020-03-05,8788.6,9090.8,9186.5,8788.6,5715.98442883,0
2020-03-06,9090.0,9180.6,9199.7,9011.3,3138.04299005,0
2020-03-07,9180.6,8919.0,9241.5,8867.4,4488.72430692,0
2020-03-08,8918.9,8073.99728926,8919.0,8043.2,25592.0034775,0
2020-03-09,8073.9,7967.3,8215.0,7700.0,22558.46653578,0
2020-03-10,7965.4,7913.8,8180.0,7776.6,10174.46424416,0
2020-03-11,7917.9301252,7969.6,8034.6,7634.8,10975.8456232,0
2020-03-12,7974.4,4873.1,8001.7,4607.7,116698.05168985,0
2020-03-13,4886.0,5625.7,5973.3,4000.0,102821.64605317,1
2020-03-14,5620.9,5218.2,5682.4,5095.0,18639.84392061,0
2020-03-15,5218.2,5383.2,5987.0,5133.0,22624.20474846,0
2020-03-16,5383.2,5058.5,5388.9,4467.9009243,41779.40947088,0
2020-03-17,5058.5,5339.1,5572.8,4956.3,19595.85843754,0
2020-03-18,5339.1,5416.2,5487.96366832,5033.0,21127.20019235,0
2020-03-19,5417.0,6173.6,6416.7,5264.6,31248.3352863,1
2020-03-20,6173.9,6206.5,6929.8,5665.0246058,31077.03304621,0
2020-03-21,6209.2,6201.7,6474.7,5882.4,12942.29259347,0
2020-03-22,6201.8,5820.09678077,6410.9,5755.5,16275.91741269,0
2020-03-23,5820.0,6491.5,6664.3,5677.0,19554.6831608,1
2020-03-24,6489.7,6762.09308369,6840.0,6406.0,16617.89644742,0
2020-03-25,6762.1,6688.2,6968.0,6430.2,13788.85716863,0
2020-03-26,6688.29966788,6751.9,6790.8,6516.0,6728.7182611,0
2020-03-27,6752.5,6370.0,6861.4,6256.0,11079.80334647,0
2020-03-28,6371.9,6250.0,6371.9,6050.0,12963.61054843,0
2020-03-29,6249.5,5892.7,6280.0,5892.6,11218.70658346,0
2020-03-30,5892.6,6407.6,6636.0,5880.9,12378.55890583,1
2020-03-31,6406.91,6400.65,6416.47,6400.65,0.13827886,0
2020-04-01,6429.0,6675.0,6726.5,6180.0,11234.4749959,0
2020-04-02,6679.5,6810.7,7283.5,6580.0,20104.5807124,0
2020-04-03,6811.8,6740.8,7049.1,6623.3,9968.39865963,0
2020-04-04,6742.0,6880.1,7014.0,6660.0,7124.3330499,0
2020-04-05,6880.6,6780.2,6917.9,6690.2,5652.67664892,0
2020-04-06,6780.8,7340.2,7364.4,6775.1,14585.69114306,1
2020-04-07,7340.2,7202.99832851,7454.3,7088.0,11993.35282812,0
2020-04-08,7201.8,7367.0,7420.0,7151.64491202,8182.42316218,0
2020-04-09,7367.1,7293.7,7370.7,7117.0,7754.20710232,0
2020-04-10,7293.7,6875.5,7305.76199669,6756.3,15844.60006755,0
2020-04-11,6874.3,6884.5,6957.8,6780.0,4068.11318523,0
2020-04-12,6884.5,6919.0,7192.5,6797.6,8889.09930425,0
2020-04-13,6916.6,6848.7,6917.0,6571.1,12678.37087725,0
2020-04-14,6847.30541983,6874.0,6985.0,6762.6,4302.34215197,0
2020-04-15,6872.9,6633.7227701,6940.6,6620.5,6006.94443124,0
2020-04-16,6633.7227701,7114.7,7200.0,6500.4,17754.64674559,0
2020-04-17,7114.7,7045.8,7160.5,7010.2,4680.56258763,0
2020-04-18,7045.8054993,7268.8,7309.7,7031.1,5200.81546636,0
2020-04-19,7269.0,7133.3,7285.4,7056.9,4738.70085075,0
2020-04-20,7133.3,6837.7,7236.3,6766.0,9978.68485058,0
2020-04-21,6837.1,6850.0,6958.8,6770.1,6462.76716396,0
2020-04-22,6849.9405434,7133.0,7164.0,6826.1783037,5145.54095742,0
2020-04-23,7133.0,7498.9,7773.9,7042.0,16382.17175154,0
2020-04-24,7499.0,7508.3,7614.0,7420.1,8804.91471287,0
2020-04-25,7508.4,7538.5,7700.0,7450.0,5172.52094918,0
2020-04-26,7538.6,7697.9,7697.9,7473.5,5323.10997912,0
2020-04-27,7697.9,7777.6033919,7777.7,7613.4,6896.32676602,0
2020-04-28,7777.7,7750.7,7777.7,7655.8,5624.81706935,0
2020-04-29,7750.6,8778.7,8918.0,7705.1,30251.52005367,1
2020-04-30,8190.650000000001,8800.75,8994.0,8165.8,19084.909518345,1
2020-05-01,8630.7,8822.8,9070.0,8626.5,7918.29898302,0
2020-05-02,8823.0,8982.3,9004.043244,8756.2,5097.22853333,0
2020-05-03,8982.4,8899.8,9198.0,8738.0,9765.79842519,0
2020-05-04,8901.34819902,8865.8,8961.8,8517.0,9320.33222342,0
2020-05-05,8867.5,9020.1,9124.8,8758.6,7716.45989178,0
2020-05-06,9020.1,9152.47099343,9418.0,8913.56992467,8729.63282109,0
2020-05-07,9150.5,9979.6,10045.0,9029.0,19874.51458376,1
2020-05-08,9979.6,9792.4,10025.0,9705.0,12205.17623293,0
2020-05-09,9792.3,9537.8,9900.0,9463.99256,8259.43034571,0
2020-05-10,9537.7,8722.2,9559.0,8101.0,26516.70657788,0
2020-05-11,8721.2,8555.1,9142.0,8200.0,20562.16222507,0
2020-05-12,8555.0507848,8811.4,8968.0,8526.4,5653.92157888,0
2020-05-13,8811.3,9312.0,9408.0,8799.5,9885.42114334,0
2020-05-14,9311.967387,9790.95415762,9938.7,9266.2,12867.68761721,0
2020-05-15,9791.0,9311.2,9848.9,9130.2,11340.26978057,0
2020-05-16,9307.6,9387.9520897,9580.0,9222.0,4157.69176242,0
2020-05-17,9386.0,9668.2,9883.5,9329.7,9663.26208676,0
2020-05-18,9668.2,9714.82516261,9944.0,9450.0,9201.53654882,0
2020-05-19,9714.9,9769.4,9878.0,9457.8,5587.12465583,0
2020-05-20,9770.1,9502.0,9842.7,9301.0,9595.21917999,0
2020-05-21,9502.0,9057.1,9564.1,8815.3,11339.88801098,0
2020-05-22,9059.2,9162.4,9269.0,8935.4,3832.77249212,0
2020-05-23,9162.3448589,9175.6,9304.0,9072.8,2453.125717,0
2020-05-24,9176.4,8710.1,9300.0,8688.0,6733.49715849,0
2020-05-25,8710.1,8902.0,8963.7,8620.0,5608.75457158,0
2020-05-26,8901.1,8845.5,9013.3,8704.9,3944.81212719,0
2020-05-27,8845.5,9210.29871677,9225.0,8822.2,5461.63149989,0
2020-05-28,9210.3,9589.3,9630.3,9118.2,7632.42847296,0
2020-05-29,9587.5,9426.1,9618.8,9352.0,3876.5759255,0
2020-05-30,9425.1,9706.4,9750.0,9323.3,6158.32666792,0
2020-05-31,9438.1,9966.188000125,10074.0,9372.529879915,9792.714623554999,0
2020-06-01,9451.1,10225.97600025,10398.0,9421.75975983,13427.10257919,1
2020-06-02,10225.97600025,9526.96808253,10252.0,9150.0,21471.12078961,0
2020-06-03,9526.9,9676.6,9689.8,9400.0,2672.27666933,0
2020-06-04,9677.6,9790.700076,9882.1,9461.00275433,4275.99014709,0
2020-06-05,9790.700076,9620.4,9865.8,9620.4,3625.85631543,0
2020-06-06,9620.4,9668.4,9742.3,9552.60822337,1949.45635856,0
2020-06-07,9668.5,9747.1,9814.0,9393.8,4709.02827497,0
2020-06-08,9749.9,9784.4,9800.0,9647.1,2361.71549019,0
2020-06-09,9784.5,9771.9,9876.0,9577.9,3403.0473055,0
2020-06-10,9774.0,9898.8,10012.0,9661.6,4438.62306475,0
2020-06-11,9898.9,9272.2,9972.8,9084.0,15783.06793445,0
2020-06-12,9277.9,9468.3,9544.0,9246.0,5048.84363315,0
2020-06-13,9468.0,9480.87818464,9498.6,9363.59686037,1845.58355902,0
2020-06-14,9480.8,9344.75144536,9486.0,9262.0,2698.82885588,0
2020-06-15,9343.1,9435.0,9530.9,8914.9,10162.02504916,0
2020-06-16,9434.9,9534.401723,9590.0,9388.0,3442.05679575,0
2020-06-17,9534.5,9473.4,9566.0,9260.0,3140.81963461,0
2020-06-18,9473.4,9400.0,9496.9,9285.0,1658.23492008,0
2020-06-19,9400.04258188,9315.5,9444.1,9237.0,2616.7058299,0
2020-06-20,9313.02085193,9371.3,9406.6,9178.0,1865.47515095,0
2020-06-21,9374.2,9301.0,9431.2,9292.0,1338.76911008,0
2020-06-22,9299.5,9697.72816498,9795.0,9285.2,5876.94315576,0
2020-06-23,9697.72816498,9635.2,9724.0,9589.7,3421.05102569,0
2020-06-24,9635.2,9312.1,9684.1,9212.0,5524.89802578,0
2020-06-25,9305.2,9257.03466936,9349.0,9011.0,5545.31009709,0
2020-06-26,9257.03466936,9173.1,9299.0,9054.1,3691.05093006,0
2020-06-27,9173.2,9015.3,9202.5,8855.0,3372.16006102,0
2020-06-28,9014.8,9125.366022,9193.187058,8946.6,2110.24642108,0
2020-06-29,9125.366022,9194.43385096,9244.0,9018.12556046,3642.40403593,0
2020-06-30,9138.0063721,9217.16692548,9271.0,9063.76278023,2917.5303441,0
2020-07-01,9150.6467222,9239.9,9298.0,9109.4,2192.65665227,0
2020-07-02,9239.4,9100.0,9266.2,8950.0,3791.70680325,0
2020-07-03,9100.1,9073.2,9135.5,9056.7,1087.11722411,0
2020-07-04,9073.2,9147.7,9204.0,9060.0,1130.89317765,0
2020-07-05,9146.79675146,9084.28473392,9152.30680224,8918.0,2084.26945357,0
2020-07-06,9089.0,9361.1,9389.58638306,9075.80199233,4261.04610108,0
2020-07-07,9361.12445025,9267.51494932,9389.40580899,9211.1,1632.42789733,0
2020-07-08,9267.57549347,9447.0,9497.2,9256.0,3814.77723032,0
2020-07-09,9447.1,9248.86416894,9451.7,9175.0,3709.08975826,0
2020-07-10,9248.9,9304.6,9324.6,9133.1,1420.69938721,0
2020-07-11,9304.9,9246.3,9311.8,9200.1,812.83259594,0
2020-07-12,9245.5,9315.8,9368.4,9175.0,1864.40441369,0
2020-07-13,9320.2,9252.0,9350.0,9220.0,1927.22488926,0
2020-07-14,9251.6,9263.4,9287.3,9107.0,2196.282437,0
2020-07-15,9263.7914,9210.1,9280.0,9179.0,897.57903844,0
2020-07-16,9210.1,9149.6,9227.2,9026.6,2873.49133989,0
2020-07-17,9149.6,9167.32861157,9194.0,9102.1,1064.21015788,0
2020-07-18,9167.32861157,9189.1,9217.1,9120.1,1172.10272826,0
2020-07-19,9189.1,9231.2,9299.0,9111.8,1440.22632243,0
2020-07-20,9231.2,9179.2,9238.2,9154.5,1402.35976776,0
2020-07-21,9179.2,9402.0,9457.2,9174.4179114,5398.71585906,0
2020-07-22,9402.1,9557.7,9642.4,9305.0,4152.34741625,0
2020-07-23,9557.7,9615.0,9685.43228684,9475.0,4698.40697756,0
2020-07-24,9615.0,9559.1,9644.0,9469.65964973,2262.02669659,0
2020-07-25,9559.00520597,9714.89020414,9754.5,9555.5,2562.7864653,0
2020-07-26,9714.9,9948.4,10190.0,9674.8,8945.66976492,0
2020-07-27,9948.4,11043.96287976,11379.0,9944.9,21575.30615722,1
2020-07-28,11044.32215834,10932.0,11263.0,10590.0,9878.58905271,0
2020-07-29,10931.55841463,11117.0,11355.0,10851.0,8823.29419803,0
2020-07-30,11117.39512086,11123.0,11189.20867739,10855.80732708,4251.00604941,0
2020-07-31,11233.697560429999,11463.8720063,11516.104338695,11041.40366354,7412.774321885,0
2020-08-01,11350.0,11804.7440126,11843.0,11227.0,10574.54259436,0
2020-08-02,11805.0,11053.77256233,12097.0,10548.0,13217.6364586,0
2020-08-03,11058.83877657,11226.52172839,11456.0,10943.0,4085.5068594,0
2020-08-04,11226.99217374,11184.0,11396.0,11003.0,3256.06346449,0
2020-08-05,11187.0,11735.81391634,11800.0,11085.0,5786.68941182,0
2020-08-06,11735.93261188,11759.0,11890.0,11557.0,3901.71404458,0
2020-08-07,11759.0,11580.04081238,11900.0,11326.0,5093.55309175,0
2020-08-08,11580.04081238,11764.0,11796.0,11523.0,1874.37849071,0
2020-08-09,11763.0,11675.32006989,11788.0,11530.0,1571.87081403,0
2020-08-10,11675.32006989,11892.0,12065.0,11450.0,6575.26897597,0
2020-08-11,11893.0,11379.0,11943.0,11123.0,7105.92315064,0
2020-08-12,11379.0,11583.0,11613.97869844,11100.0,4309.29975682,0
2020-08-13,11583.0,11792.46007598,11822.0,11279.0,5779.6932746,0
2020-08-14,11793.16904862,11761.0,11869.0,11650.03890904,4652.45752198,0
2020-08-15,11762.0,11873.41825354,11997.0,11705.0,4038.10832313,0
2020-08-16,11873.41825354,11925.0,11944.0,11705.0,2717.98718733,0
2020-08-17,11924.02573127,12300.0,12490.0,11675.0,10122.6714163,0
2020-08-18,12303.0,11961.83967646,12405.0,11814.0,7179.55648352,0
2020-08-19,11961.83967646,11778.0,12025.25974,11608.59604692,6287.195758,0
2020-08-20,11778.02622206,11884.677714,11902.0,11680.0,2734.22904121,0
2020-08-21,11884.677714,11531.0,11899.0,11500.0,6102.59595826,0
2020-08-22,11527.0,11685.0,11703.0,11390.0,3458.466714,0
2020-08-23,11683.0,11663.0,11736.0,11538.0,1929.78739306,0
2020-08-24,11663.0,11768.0,11847.0,11605.0,1987.28075227,0
2020-08-25,11765.0,11341.4006669,11778.0,11137.0,6158.91793348,0
2020-08-26,11341.0,11471.10096,11546.0,11219.88888,2484.87645848,0
2020-08-27,11472.0,11343.0,11609.0,11145.0,4811.07166836,0
2020-08-28,11343.0,11545.0,11567.0,11303.0,2024.55122551,0
2020-08-29,11544.621284,11492.0,11606.34239887,11450.0,1520.98782067,0
2020-08-30,11492.0,11730.0,11730.0,11480.0,2102.9568569,0
2020-08-31,11581.61661696,11836.0,11898.5,11516.0,3561.66913853,0
2020-09-01,11671.23323392,11942.0,12067.0,11552.0,5020.38142016,0
2020-09-02,11942.89423579,11408.0,11975.0,11183.0,6191.79985751,0
2020-09-03,11400.841462,10170.0,11460.98620262,9990.9,15884.01270037,0
2020-09-04,10166.13513,10484.74763252,10644.0,9965.7,13589.50529482,0
2020-09-05,10484.07051575,10196.86489828,10593.0,9925.5,8507.11405664,0
2020-09-06,10197.0,10276.0,10365.07422046,10031.0,2755.66300115,0
2020-09-07,10275.9676,10397.0,10430.0,9913.8,6301.95149206,0
2020-09-08,10400.0,10148.0,10464.0,9882.4,6761.1383562,0
2020-09-09,10150.0,10240.0,10359.0,10010.0,2406.14739791,0
2020-09-10,10241.0,10355.0,10516.0,10233.0879672,3553.97517835,0
2020-09-11,10354.0,10405.0,10438.0,10197.0,2468.47916195,0
2020-09-12,10404.94752176,10458.0,10492.0,10287.0,1434.15294838,0
2020-09-13,10459.0,10331.0,10623.0,10231.0,4044.98562654,0
2020-09-14,10331.0,10690.0,10773.0,10259.0,3687.51051542,0
2020-09-15,10689.93207785,10797.0,10944.0,10645.0,4990.20947654,0
2020-09-16,10797.99361605,10971.25116264,11104.97665904,10682.0,4798.73427717,0
2020-09-17,10971.45422468,10959.0,11069.17646505,10765.936272,2515.82301027,0
2020-09-18,10959.0,10957.17348137,11064.0,10825.0,2255.78236859,0
2020-09-19,10957.05507792,11098.0,11185.0,10920.0,2467.83027967,0
2020-09-20,11098.0,10934.54183144,11098.0,10779.0,1818.9312364,0
2020-09-21,10935.0,10435.0,11000.0,10321.0,6012.77245251,0
2020-09-22,10435.0,10549.0,10597.0,10377.0,2412.76234461,0
2020-09-23,10549.621726,10263.0,10555.0,10152.0,3093.16299583,0
2020-09-24,10266.0,10754.0,10842.0,10222.0,3195.72207711,0
2020-09-25,10752.0,10708.0,10774.0,10580.0,2351.64280732,0
2020-09-26,10708.0,10750.0,10841.0,10675.0,940.11544811,0
2020-09-27,10750.90937072,10803.0,10824.0,10594.0,1754.82101234,0
2020-09-28,10804.0,10714.0,10986.0,10656.20638633,3793.66453162,0
2020-09-29,10713.0,10856.0,10889.0,10654.0,1793.01665211,0
2020-09-30,10755.0,10745.0,10932.063182,10557.0,3737.58494878,0
2020-10-01,10797.0,10634.0,10975.126364,10460.0,5682.15324545,0
2020-10-02,10633.0,10586.0,10686.0,10391.0,3737.41568792,0
2020-10-03,10586.0,10558.58697865,10616.0,10513.0,833.97060122,0
2020-10-04,10558.00112605,10687.0,10713.0,10541.0,1628.85480833,0
2020-10-05,10687.0,10807.0,10816.0,10637.0,1783.47952643,0
2020-10-06,10807.0,10613.705256,10819.959108,10548.0,3219.16847587,0
2020-10-07,10613.0,10687.0,10691.0,10563.0,1669.91903423,0
2020-10-08,10687.32291769,10943.0,10971.0,10541.0,3641.24246027,0
2020-10-09,10942.901982,11071.0,11133.99746703,10853.1165156,2570.0680234,0
2020-10-10,11071.0,11308.0,11505.0,11071.0,4168.69088477,0
2020-10-11,11308.0,11385.0,11451.0,11279.45650736,1478.2348888,0
2020-10-12,11384.0,11560.0,11739.97398,11111.0,6368.14562071,0
2020-10-13,11560.0,11442.0,11574.90850243,11333.0,3905.22148627,0
2020-10-14,11442.72553612,11440.0,11564.0,11309.0,2693.05607564,0
2020-10-15,11440.0,11509.0,11632.0,11277.0,4263.98661429,0
2020-10-16,11511.9497064,11325.0,11547.0,11212.0,3461.9219345,0
2020-10-17,11324.8837331,11375.0,11418.0,11275.0,1037.69350326,0
2020-10-18,11376.0,11518.0,11520.0,11364.93369218,1321.88045131,0
2020-10-19,11517.0,11757.0,11828.0,11417.0,3767.98031874,0
2020-10-20,11757.0,11925.0,12044.0,11696.0,5422.99322297,0
2020-10-21,11924.12565284,12810.0,13220.0,11910.0,15400.96625616,1
2020-10-22,12811.0,12988.0,13188.0,12710.0,6090.19951202,0
2020-10-23,12982.0,12935.0,13032.0,12738.0,2904.13203062,0
2020-10-24,12930.56664423,13127.03663502,13178.0,12882.0,1971.8904909,0
2020-10-25,13127.0,13037.0,13358.0,12850.0,3631.47386568,0
2020-10-26,13036.0,13059.0,13244.0,12781.0,3675.05916084,0
2020-10-27,13059.0,13626.0,13769.0,13054.0,8976.07060578,0
2020-10-28,13626.0,13267.0,13839.0,12915.0,7113.94802481,0
2020-10-29,13266.0,13451.0,13629.0,12972.0,4074.37347985,0
2020-10-30,13450.0,13568.0,13673.0,13120.0,4659.29588008,0
2020-10-31,13614.13852922,13662.0,13782.5,13365.5,3883.448884775,0
2020-11-01,13778.27705844,13756.0,13892.0,13611.0,3107.60188947,0
2020-11-02,13755.0,13562.0,13836.0,13207.0,6586.08653832,0
2020-11-03,13560.0,14029.5896356,14066.0,13301.0,5811.86187544,0
2020-11-04,14029.5896356,14149.0,14245.0,13530.0,10098.33576646,0
2020-11-05,14152.0,15568.0,15723.55678179,14104.36241552,15897.90693691,1
2020-11-06,15568.0,15572.88385495,15888.0,15179.0,12097.89054039,0
2020-11-07,15573.0,14845.0,15740.0,14411.0,14370.83426036,0
2020-11-08,14849.0,15500.0,15650.0,14755.0,6475.28259478,0
2020-11-09,15501.0,15334.52194598,15844.0,14841.0,8947.1113553,0
2020-11-10,15336.88653372,15311.53062117,15474.0,15077.0,3741.90497043,0
2020-11-11,15311.53062117,15709.3042176,15981.0,15292.0,6940.97705853,0
2020-11-12,15709.0,16296.18794388,16325.0,15453.0,12299.29569523,0
2020-11-13,16296.0,16308.5948109,16481.0,15974.0,7699.72967138,0
2020-11-14,16308.5948109,16057.0,16315.0,15715.0,5090.22982759,0
2020-11-15,16058.519784,15965.0,16151.0,15794.0,2564.5596865,0
2020-11-16,15965.0,16719.0,16872.0,15874.0,6522.24231834,0
2020-11-17,16719.0,17674.87558,17815.0,16535.0,12211.61192244,0
2020-11-18,17674.53552004,17774.0,18450.0,17119.0,17517.60930774,0
2020-11-19,17774.0,17818.0,18166.0,17344.0,5575.43345482,0
2020-11-20,17813.0,18660.0,18810.0,17753.0,7974.20959348,0
2020-11-21,18659.98826325,18659.98826325,18945.0,18323.0,6619.77912017,0
2020-11-22,18659.98826325,18392.0,18732.0,17645.0,9098.86083786,0
2020-11-23,18390.0,18372.0,18724.0,18003.0,8765.27184524,0
2020-11-24,18364.0,19131.0,19400.0,18130.0,14937.35456899,0
2020-11-25,19133.654712,18727.0,19497.0,18500.0,13477.60483221,0
2020-11-26,18726.475677,17211.69580098,18908.0,16317.0,34343.56146402,0
2020-11-27,17213.0,17171.0,17531.0,16501.0,11217.91209845,0
2020-11-28,17171.0,17746.0,17910.0,16925.0,5750.22634211,0
2020-11-29,17746.0,18195.987488,18344.0,17556.0,3986.26608474,0
2020-11-30,18721.5,18504.993744,19150.0,17917.5,12966.78631001,0
2020-12-01,19697.0,18814.0,19956.0,18279.0,21947.30653528,0
2020-12-02,18818.027865,19241.0,19344.0,18361.0,7634.3491635,0
2020-12-03,19229.12373562,19449.0,19628.0,18900.0,5251.01732623,0
2020-12-04,19449.0,18652.0,19550.0,18600.0,8654.05198704,0
2020-12-05,18652.0,19159.0,19182.0,18498.0,3664.40593767,0
2020-12-06,19159.0,19410.0,19463.0,18905.0,4333.67926426,0
2020-12-07,19410.03147,19196.06786536,19460.0,18925.0,2285.63253019,0
2020-12-08,19196.0,18329.0,19322.0,18271.0,9623.14888923,0
2020-12-09,18329.0,18558.0,18630.0,17742.0,9767.76617124,0
2020-12-10,18558.0,18260.0,18568.0,17935.0,3655.53727913,0
2020-12-11,18263.0,18049.91181686,18299.0,17629.0,6573.35890074,0
2020-12-12,18050.0,18818.0,18944.0,18049.91181686,3683.18295895,0
2020-12-13,18818.0,19180.0,19416.0,18720.6972317,4831.24752681,0
2020-12-14,19180.0,19282.0,19350.0,19008.31354812,2534.66419808,0
2020-12-15,19282.0,19459.0,19607.0,19070.0,6927.28565056,0
2020-12-16,19459.0,21318.0,21444.0,19317.800536,21075.87728373,1
2020-12-17,21318.0,22786.0,23630.0,21197.0,22872.76691971,0
2020-12-18,22791.0,23124.0,23287.0,22362.0,7283.12188767,0
2020-12-19,23124.0,23808.0,24123.0,22768.0,9672.76187725,0
2020-12-20,23801.0,23427.0,24244.0,23101.0,9599.06945336,0
2020-12-21,23427.0,22712.281776,24077.0,21884.0,14183.57832359,0
2020-12-22,22712.281776,23805.89700325,23812.0,22348.0,7416.0651705,0
2020-12-23,23804.0,23208.0,24144.0,22655.0,12077.5823542,0
2020-12-24,23207.87492762,23743.467132,23790.0,22701.0,4754.89447434,0
2020-12-25,23743.467132,24720.0882,24802.0,22855.0,13780.78834019,0
2020-12-26,24720.0882,26413.0,26723.0,24489.0,13149.6035219,0
2020-12-27,26423.0,26241.0,28244.0,25813.0,17956.95047706,0
2020-12-28,26242.0,27053.0,27442.0,26068.0657198,7601.6736102,0
2020-12-29,27044.0,27316.0,27329.0,25859.0,8915.79570495,0
2020-12-30,27675.666666666668,27993.666666666668,28092.666666666668,26811.333333333332,8721.254902143333,0
2020-12-31,28307.333333333332,28671.333333333332,28856.333333333332,27763.666666666668,8526.714099336667,0
2021-01-01,28939.0,29349.0,29620.0,28716.0,8332.17329653,0
2021-01-02,29349.83250154,32183.0,33292.0,29000.0,22012.92431526,1
2021-01-03,32185.0,32968.0,34873.0,31975.0,18908.90248876,0
2021-01-04,32990.0,31990.0,33593.61627648,28540.0,24687.17352109,0
2021-01-05,31991.0,33985.0,34493.0,29861.0,14483.02450249,0
2021-01-06,33978.0,36760.0,36932.0,33335.0,18619.39156055,1
2021-01-07,36791.0,39401.0,40383.3509214,36123.590728,22112.80551057,0
2021-01-08,39387.0,40509.0,41969.0,36555.0,21785.71626803,0
2021-01-09,40500.0,40168.0,41399.0,38700.0,8173.60836859,0
2021-01-10,40170.0,38200.0,41399.0,35260.0,19011.73685638,0
2021-01-11,38200.0,35408.0,38277.0,30635.0,48042.44420537,0
2021-01-12,35410.0,34123.0,36656.0,32427.0,22176.95211648,0
2021-01-13,34104.0,37358.07975004,37776.0,32436.0,14887.62558258,1
2021-01-14,37368.0,39136.0,40001.0,36666.0,12967.86884021,0
2021-01-15,39147.32923992,36741.0,39701.0,34500.0,15551.34410823,0
2021-01-16,36741.0,36041.0,37997.0,35418.0,10842.65506249,0
2021-01-17,36037.0,35900.0,36928.0,33868.0,9847.25162068,0
2021-01-18,35901.0,36699.0,37555.0,34842.0,8414.95402598,0
2021-01-19,36685.0,35890.0,37936.5743351,35863.0,9648.58184083,0
2021-01-20,35888.0,35516.0,36422.0,33303.0,14141.72101255,0
2021-01-21,35510.0,30872.0,35616.0,30196.0,22357.47974563,0
2021-01-22,30890.60960271,33058.0,33850.0,28989.0,15720.12650751,0
2021-01-23,33027.0,32099.0,33554.0,31439.4275088,7065.12704773,0
2021-01-24,32099.0,32320.0,33174.0,31011.0,5887.71106024,0
2021-01-25,32327.0,32285.0,34918.0,31966.0,9230.4487765,0
2021-01-26,32252.0,32519.0,32971.0,30867.0338669,8540.41106666,0
2021-01-27,32518.32570147,30421.23654981,32596.0,29283.0,14786.66598682,0
2021-01-28,30421.23654981,33373.0,33800.0,29918.0,9170.13127825,1
2021-01-29,33374.0,34253.0,38710.69632264,31987.0,28642.05232388,0
2021-01-30,34284.0,34341.0,34929.0,32827.0,7290.52856597,0
2021-01-31,33700.899659625,33953.5,34818.0,32580.0,6295.53259644,0
2021-02-01,33117.79931925,33566.0,34707.0,32333.0,5300.53662691,0
2021-02-02,33569.0,35577.0,36053.96796779,33500.0,7006.15684092,0
2021-02-03,35576.0,37667.0,37677.35566244,35471.0,8806.86324689,0
2021-02-04,37667.0,36951.548313,38750.0,36222.0,6419.65493792,0
2021-02-05,36945.0,38260.0,38366.0,36571.55235544,4479.82317969,0
2021-02-06,38260.8799317,39234.0,40985.0,38205.0,10181.01728877,0
2021-02-07,39237.0,38837.0,39725.7155421,37350.0,7627.57627436,0
2021-02-08,38841.0,46444.0,46666.0,37947.0,24788.66402363,1
2021-02-09,46444.0,46488.0,48277.0,45060.0,15903.02396636,0
2021-02-10,46485.10574522,44841.0,47383.0,43777.0,10019.14961979,0
2021-02-11,44840.0,48008.0,48598.0,43917.41935602,10300.37521835,0
2021-02-12,48001.0,47397.0,48945.0,45851.95356552,10789.29878402,0
2021-02-13,47365.0,47177.0,48209.0,46255.0,5225.25062786,0
2021-02-14,47177.86105756,48584.0,49659.0,47030.0,7337.59067269,0
2021-02-15,48597.0,47906.0,48959.0,45730.50181348,9883.3531079,0
2021-02-16,47934.0,49203.0,50490.0,47046.0,13040.83159243,0
2021-02-17,49182.0,52116.0,52577.0,49000.0,9211.03215371,0
2021-02-18,52110.0,51566.0,52539.0,50863.0,5869.73416942,0
2021-02-19,51566.0,55866.0,56342.0,50755.0,11805.88360583,1
2021-02-20,55866.0,55777.0,57485.0,54000.0,11637.99217592,0
2021-02-21,55787.0,57376.0,58321.24403166,55386.0,6687.40294944,0
2021-02-22,57374.0,54075.0,57449.0,48255.0,27309.72539386,0
2021-02-23,54070.36217422,48874.0,54138.0,45000.0,32599.17021217,0
2021-02-24,48882.0,49716.0,51354.46137096,46902.0,12002.72597091,0
2021-02-25,49715.0,47162.0,52189.0,46750.0,9556.04333353,0
2021-02-26,47155.0,46318.0,48441.0,44027.0,22325.37321813,0
2021-02-27,46270.0,46238.0,48407.0,45100.0,7603.9662875,0
2021-02-28,45777.372243000005,47909.0,49075.0,45100.0,8512.411154035,0
2021-03-01,45284.744486,49580.0,49743.0,45100.0,9420.85602057,1
2021-03-02,49580.0,48536.0,50148.0,47158.0,8374.91331046,0
2021-03-03,48511.0,50408.0,52567.0,48183.35073552,8603.3335126,0
2021-03-04,50409.0,48388.0,51777.0,47603.0,9558.92312432,0
2021-03-05,48389.0,48830.0,49489.0,46417.0,9417.0854656,0
2021-03-06,48826.0,48860.0,49238.0,47159.0,4206.13760617,0
2021-03-07,48895.0,51000.0,51442.0,48895.0,5376.35975911,0
2021-03-08,51011.0,52399.0,52444.0,49369.0,6154.5042241,0
2021-03-09,52399.0,54955.30786704,54955.30786704,51993.0,8210.93786056,0
2021-03-10,54955.30786704,55985.0,57444.0,53155.0,10678.77471493,0
2021-03-11,55954.0,57877.0,58266.0,54401.0,8659.751263,0
2021-03-12,57876.0,57297.0,58159.0,55183.0,9562.35931509,0
2021-03-13,57293.0,61202.887014,61693.0,56130.0,13700.24118389,0
2021-03-14,61203.0,59000.0,61699.0,59000.0,6681.68651262,0
2021-03-15,59001.0,55688.0,60575.0,54566.0,14784.6861763,0
2021-03-16,55675.0,56924.0,56925.0,53346.0,10496.58810374,0
2021-03-17,56923.0,58849.0,59128.0,54001.0,11269.30169215,0
2021-03-18,58867.0,57640.0,60190.0,57005.0,7238.68855771,0
2021-03-19,57642.0,58049.62797928,59480.0,56277.0,6485.05192059,0
2021-03-20,58049.0,58079.0,60000.0,57800.0,6775.70608413,0
2021-03-21,58064.0,57366.0,58584.0,55357.0,8292.32536363,0
2021-03-22,57341.0,54070.0,58525.0,53700.0,8727.81396301,0
2021-03-23,54070.0,54336.79982848,55822.3340788,52812.0,6569.9505292,0
2021-03-24,54347.0,52328.0,57212.0,51522.0,14085.86185319,0
2021-03-25,52329.0,51358.0,53116.0,50350.0,11590.186720400001,0
2021-03-26,51357.31075738,54993.0,55000.0,51300.0,7713.45878203,0
2021-03-27,54982.0,55886.0,56655.0,54010.0,5176.81537774,0
2021-03-28,55881.0,55780.0,56609.0,54800.0,4212.6325115,0
2021-03-29,55783.0,57675.0,58492.0,54831.0,10118.10970035,0
2021-03-30,57675.0,58840.0,59523.0,57135.0,7874.44357216,0
2021-03-31,58233.751298999996,58782.0,59503.0,57545.0,6112.206389495001,0
2021-04-01,58792.502598,58724.0,59483.0,57955.0,4349.96920683,0
2021-04-02,58731.0,58959.0,60190.0,58327.9868938,6153.04780245,0
2021-04-03,58958.19519,57020.0,59841.0,56872.0,6634.13697965,0
2021-04-04,57029.0,58240.23918672,58480.0,56500.0,4971.95900593,0
2021-04-05,58241.0,59145.0,59250.0,56850.0,5595.23998949,0
2021-04-06,59145.0,57991.0,59499.0,57401.0,5616.70975216,0
2021-04-07,57994.0,55962.0,58639.0,55555.0,8848.715118,0
2021-04-08,55962.0,58110.0,58155.0,55714.0,4482.28759615,0
2021-04-09,58110.0,58134.0,58880.0,57713.0,3749.49369667,0
2021-04-10,58134.090643,59812.0,61243.0,57900.0,9794.54247946,0
2021-04-11,59817.0737853,60032.0,60722.0,59308.0,4646.58199812,0
2021-04-12,60033.0,59874.0,61338.0,59492.0,5497.92519522,0
2021-04-13,59887.0,63537.0,63555.0,59859.0,11265.90321334,0
2021-04-14,63519.0,62914.0,64829.0,61306.0,10927.53219657,0
2021-04-15,62909.0,63196.0,63845.0,62000.0,6613.84876353,0
2021-04-16,63208.0,61322.0,63520.0,60005.0,11538.75958436,0
2021-04-17,61321.0,59927.0,62450.0,59662.0,7020.45014113,0
2021-04-18,59945.0,56172.0,60279.0,50500.0,26325.19151257,0
2021-04-19,56171.0,55630.0,57500.0,54256.0,8568.76027831,0
2021-04-20,55619.0,56471.151714,57099.0,53337.0,8392.19394508,0
2021-04-21,56471.151714,53780.0,56790.0,53609.0,7107.56739743,0
2021-04-22,53779.81497994,51735.13722852,55500.0,50575.0,12687.09297783,0
2021-04-23,51741.0,51138.0,52131.0,47560.0,17250.31177119,0
2021-04-24,51138.0,50161.0,51201.0,48852.0,5980.24339471,0
2021-04-25,50149.0,49129.0,50671.0,47112.0,9599.12423279,0
2021-04-26,49129.093002,54102.0,54387.0,48831.0,11010.92227211,1
2021-04-27,54094.0,55044.0,55437.0,53304.0,7236.73001805,0
2021-04-28,55039.0,54859.0,56432.0,53917.0,5763.23982056,0
2021-04-29,54860.0,53566.0,55222.0,52377.0,7078.15938021,0
2021-04-30,56246.0,55670.0,56774.0,54688.5,5697.78135959,0
2021-05-01,57632.0,57774.0,58326.0,57000.0,4317.40333897,0
2021-05-02,57774.0,56605.0,57900.0,56050.0,4196.61876168,0
2021-05-03,56601.0,57147.0,58945.0,56511.0,7626.53143101,0
2021-05-04,57141.0,53251.0,57166.0,53067.0,10064.7382204,0
2021-05-05,53251.0,57487.0,57898.0,52960.0,7664.90204204,1
2021-05-06,57486.600444,56450.0,58343.0,55282.0,10438.6808718,0
2021-05-07,56451.0,57349.0,58635.0,55300.0,6934.44521985,0
2021-05-08,57342.0,58897.0,59450.0,56939.0,7608.94107951,0
2021-05-09,58892.0,58276.0,59236.51695169,56255.0,8479.62978766,0
2021-05-10,58286.86932662,55829.62510011,59589.77113765,53844.0,13489.55204328,0
2021-05-11,55831.0,56721.504604,56870.0,54138.73738416,7688.85967329,0
2021-05-12,56717.0,49614.0,58000.0,48611.0,14974.04325046,0
2021-05-13,49580.54694147,49750.64971553,51333.0,46601.04807999,21164.53785615,0
2021-05-14,49749.0,49924.0,51512.0,48877.0,6047.86562313,0
2021-05-15,49923.30794743,46844.0,50737.0,46644.0,9488.63031256,0
2021-05-16,46844.0,46597.0,49870.0,44021.0,19068.73307652,0
2021-05-17,46587.61320955,43534.0,46796.0,42128.0,37724.17277308,0
2021-05-18,43540.0,42900.0,45800.0,42316.0,10722.25475753,0
2021-05-19,42898.48904022,36733.0,43600.0,29563.0,67822.90369973,0
2021-05-20,36733.7221572,40561.45427722,42300.0,34985.0,25609.77075366,1
2021-05-21,40590.0,37391.38484175,42298.12038263,33552.0,23314.10677312,0
2021-05-22,37382.8588411,37557.0,38956.0,35372.0,13560.86390045,0
2021-05-23,37575.0,34747.0,38384.0,31230.0,25993.68281756,0
2021-05-24,34747.0,38845.0,39966.0,34500.0,15130.10979968,1
2021-05-25,38851.0,38396.84796617,39829.42639126,36455.0,7767.09873381,0
2021-05-26,38374.0,39301.0,40884.0,37851.57741397,8610.0489885,0
2021-05-27,39303.0,38537.0,40500.0,37221.0,5553.45223538,0
2021-05-28,38537.03617907,35661.0,38889.0,34721.0,10219.44336646,0
2021-05-29,35660.87052767,34574.0,37381.0,33617.0,7764.29614375,0
2021-05-30,34587.39808387,35614.0,36419.0,33367.0,6023.23138825,0
2021-05-31,35933.603510504996,36143.5,37153.5,34513.0,5654.240593840001,0
2021-06-01,37279.80893714,36673.0,37888.0,35659.0,5285.24979943,0
2021-06-02,36673.0,37577.0,38222.0,35933.0,3971.3631918,0
2021-06-03,37582.37086374,39226.0,39482.0,37179.0,5754.82660087,0
2021-06-04,39225.5146501,36844.0,39275.0,35586.0,5930.6043095,0
2021-06-05,36844.0,35535.0,37924.0,34822.56648447,6587.55671725,0
2021-06-06,35542.0,35780.0,36475.0,35218.0,6511.51024696,0
2021-06-07,35781.0,33572.0,36784.0,33338.0,9968.48725917,0
2021-06-08,33572.0,33402.0,34052.0,31075.0,12924.76236892,0
2021-06-09,33416.0,37368.0,37499.0,32469.0,26973.62262831,1
2021-06-10,37369.0,36663.0,38337.0,35816.0,9567.09934063,0
2021-06-11,36680.0,37338.0,37650.0,35929.0,6418.07433814,0
2021-06-12,37338.0,35564.0,37461.34593121,34630.0,7376.45612843,0
2021-06-13,35563.58742345,38998.89297611,39374.0,34800.0,8988.67868533,1
2021-06-14,38998.89297611,40509.0,40980.0,38732.0,9731.06977982,0
2021-06-15,40509.0,40137.0,41273.0,39445.88757188,7778.80135235,0
2021-06-16,40143.0,38346.0,40460.0,38121.0,6793.28237412,0
2021-06-17,38345.0,38073.0,39519.0,37387.0,3538.41950541,0
2021-06-18,38074.0,35845.0,38184.09866908,35137.0,11421.09881367,0
2021-06-19,35846.0,35570.0,36447.0,34819.0,11566.12771476,0
2021-06-20,35569.32875053,35631.0,36226.37661535,33411.0,16930.79811428,0
2021-06-21,35653.0,31726.38731597,35832.0,31368.0,23452.31240008,0
2021-06-22,31723.19669106,32572.0,33368.0,29247.0,26870.65821748,0
2021-06-23,32572.01808243,33691.0,34778.0,31790.0,9140.06884437,0
2021-06-24,33697.29590169,34665.0,35290.0,32343.0,4855.77342689,0
2021-06-25,34657.0,31584.73244514,35495.0,31264.0,37671.79179745,0
2021-06-26,31584.0,32355.66423628,32661.0,30206.0,20535.69988072,0
2021-06-27,32348.0,34744.0,34794.0,32066.0,28712.64630214,1
2021-06-28,34743.0,34494.48338075,35319.0,33897.0,6177.1561275,0
2021-06-29,34494.8423285,35922.41743186,36600.0,34226.75253341,5513.63982321,0
2021-06-30,34778.42116425,34738.420102924996,35834.5,33473.376266705,5618.267809125,0
2021-07-01,35062.0,33554.42277399,35069.0,32720.0,5722.89579504,0
2021-07-02,33519.46744936,33816.0,33983.0,32700.0,5145.43992128,0
2021-07-03,33818.0,34682.0,34948.0,33350.0,2966.6296858700002,0
2021-07-04,34689.0,35276.0,35950.0,34376.0,2929.58930746,0
2021-07-05,35278.0,33672.36648837,35280.0,33126.0,7716.38162798,0
2021-07-06,33670.52239391,34255.0,35196.0,33555.0,8884.85239912,0
2021-07-07,34255.06205944,33889.0,35091.0,33810.0,3505.92095505,0
2021-07-08,33886.0,32857.0,33939.0,32063.0,14292.40321891,0
2021-07-09,32846.0,33769.0,34059.0,32237.0,6664.27000282,0
2021-07-10,33768.0,33505.02923001,34242.0,33011.0,6458.84199398,0
2021-07-11,33503.0,34244.0,34590.0,33316.0,2151.71226321,0
2021-07-12,34249.0,33078.0,34655.0,32600.0,8408.60405576,0
2021-07-13,33077.77262412,32730.0,33337.0,32190.0,4024.86829598,0
2021-07-14,32729.0,32822.6431619,33128.0,31588.0,5192.51154704,0
2021-07-15,32821.0,31890.0,33200.0,31150.0,6956.82713686,0
2021-07-16,31893.73824538,31428.0,32271.0,31044.0,5381.86055053,0
2021-07-17,31427.0,31560.0,32000.0,31210.0,13707.6449802,0
2021-07-18,31559.0,31820.0,32453.0,31111.0,12411.32229435,0
2021-07-19,31820.47850988,30865.0,31928.0,30500.0,12799.72672555,0
2021-07-20,30866.0,29809.0,31079.0,29313.0,8878.01430299,0
2021-07-21,29814.0,32154.0,32850.0,29523.0,8258.16378035,1
2021-07-22,32154.0,32320.0,32610.0,31735.0,5232.65508671,0
2021-07-23,32320.26010235,33650.0,33650.0,32020.0,3969.34091098,0
2021-07-24,33650.0,34279.0,34527.0,33422.0,2363.25627786,0
2021-07-25,34288.0,35415.0,35444.0,33886.0,2780.99539445,0
2021-07-26,35413.0,37270.0,40595.0,35233.0,16314.03215706,0
2021-07-27,37265.93349564,39500.0,39589.0,36418.0,6065.62663319,0
2021-07-28,39490.0,40017.0,40900.0,38803.0,7979.49858787,0
2021-07-29,40017.0,40036.0612375,40623.0,39272.0,4069.31891192,0
2021-07-30,40040.0,42214.50801313,42299.15230804,38343.0,7767.16038596,0
