Date,Open,Close,High,Low,Volume,Significant_Change,1h_change,4h_change,24h_change,EMA50Below200,RSI,Signal
2020-11-06,0.014772960756112619,0.014948736033639998,0.008388207881673604,0.016138183193595168,0.21444365660473877,0,0.12912726208452519,0.1774163270389889,0.2901910355661938,1,0.9175660265554689,0
2020-11-07,0.014875693445654425,0.0,0.005389524870833773,0.0,0.2641180905689155,0,0.054928283219939415,0.12509262377905017,0.2437506414018188,1,0.6681414469330397,0
2020-11-08,0.0,0.013451901749774064,0.0035660014182960498,0.007228561222131169,0.09156341779955363,0,0.08716129032258065,0.16548387096774195,0.2784516129032258,1,0.7402614191158742,0
2020-11-09,0.01339634271625234,0.010053436826994167,0.007496707527099633,0.009035701527663975,0.14558441860850643,0,-0.01522564934482408,0.14395527416742843,0.23468015777194895,1,0.6927926978621576,0
2020-11-10,0.01002437916005755,0.009581258136244164,0.0,0.013994830738195796,0.03182635299368836,0,-0.017069046867113802,0.14855017943308643,0.23201668788476362,1,0.6859965409978012,0
2020-11-11,0.009503402941647865,0.01775043575125279,0.010272515449295916,0.018512681502027784,0.10174101642805702,0,0.05501861862422094,0.168709204487282,0.2628546336631356,1,0.7316903650169891,0
2020-11-12,0.017670022601191715,0.02980341624661137,0.017242427312329056,0.021895816260060097,0.21884529971461583,0,0.04885731231266312,0.16385353145628048,0.27811338206749475,1,0.7888204659718755,0
2020-11-13,0.029730840353400456,0.030058219233138894,0.02040320129672779,0.032843724390090145,0.11832330407161615,0,0.05972757777199605,0.1865025678893636,0.28410018120710856,1,0.7899476301418621,0
2020-11-14,0.029989620113005988,0.02489115255072699,0.017039813595380426,0.02740129021412513,0.06129354722766459,0,0.04642644197733071,0.16229681758734507,0.2593884287226755,1,0.7103311382813432,0
2020-11-15,0.02485144409287038,0.023001725129384698,0.013716948637422788,0.02906133770409125,0.006095860836853262,0,0.01601602144691513,0.15014093329157532,0.28725336673974317,1,0.6815771145871253,0
2020-11-16,0.02292993630573248,0.038486815082559744,0.028325397629419546,0.03074239845342408,0.09258970704132508,0,0.025289314918356325,0.18284586398708055,0.3071954064238292,1,0.764971214613065,0
2020-11-17,0.0384220258886378,0.05811787521564116,0.04743187113767605,0.04463216289478661,0.21692899983313693,0,0.07730072910080421,0.2217201225695983,0.33281227227852433,1,0.841442151519269,0
2020-11-18,0.05805497267392645,0.06015361866425695,0.06029784216391454,0.05690390636491627,0.33288981945856,0,0.09660177787779903,0.23697535726341848,0.33830313941712614,1,0.8482201876118832,0
2020-11-19,0.06009862338196015,0.06105725786576849,0.05454361260257323,0.061631889722414845,0.0718975121777223,0,0.10399595914244023,0.2126170369513975,0.3336278901369402,1,0.8513620166324926,0
2020-11-20,0.06089993836038626,0.07834962622196667,0.06759193597406549,0.07022631280337893,0.124321972074284,0,0.1040192926045016,0.2417470525187567,0.3609324758842444,1,0.9046921637273898,0
2020-11-21,0.07830261481919049,0.07834938518134399,0.07032722115287204,0.08220387064237533,0.09472134161679327,0,0.05279278150405571,0.16570151168527428,0.34083559826110443,1,0.9046885730324646,0
2020-11-22,0.07830261481919049,0.07284564199457816,0.06601154898186612,0.06795688079177958,0.14890085340814335,0,0.03360156589821662,0.1532794772210744,0.3496172424717268,1,0.8215557158953649,0
2020-11-23,0.07275529073351139,0.072434896902982,0.06584945800830716,0.07547962764504401,0.14161037620033237,0,0.030154583061180056,0.19197692140213368,0.3589157413455258,1,0.8152942091696745,0
2020-11-24,0.07222108074789396,0.0880226731290561,0.07954614527403508,0.07814831158460989,0.27649920472196515,0,0.024619727144425278,0.1897966650985312,0.37877383754116356,1,0.8719553426791046,0
2020-11-25,0.08803482046435174,0.07972562227881375,0.08151149832843685,0.08592321755027421,0.24459685656137822,0,0.003578348734447526,0.1811543789192076,0.3842580231750948,1,0.754927876967859,0
2020-11-26,0.0796687009862338,0.04860543417768831,0.06957755040016211,0.04005127235285466,0.7006154441311144,0,-0.0685757064654138,0.11039964927231677,0.32110117822703566,1,0.43191944245668434,0
2020-11-27,0.048572015615368835,0.0477696541526329,0.041677641576334745,0.04391771207632017,0.19521201852237363,0,-0.06994350940539282,0.08512583905421933,0.32077339700658086,1,0.424999475726637,0
2020-11-28,0.04770906102321759,0.05957857553602236,0.04935670144868809,0.052827334047784114,0.0757175529736332,0,-0.0780457567902626,0.0816979632660881,0.33686464555392764,1,0.49921633743072824,0
2020-11-29,0.059523320320525985,0.06882008313480653,0.05815013676425895,0.06608670070814682,0.037166784404090804,0,-0.029182945545010764,0.10372576252565067,0.376708701609105,1,0.5511517819029143,0
2020-11-30,0.07956646805013357,0.07516622328103179,0.07448080235031912,0.07368299396919453,0.23343308654553416,0,0.0698891315993735,0.13228827730859025,0.3801078174522835,1,0.5846558948061055,0
2020-12-01,0.09960961577974115,0.08151236342725704,0.09081146793637929,0.08127928723024225,0.4296993886869775,0,0.08732858509620495,0.1514297863293292,0.39709790581481874,1,0.6168946044201183,0
2020-12-02,0.08154978148756936,0.09028177113283498,0.0784115084591227,0.08300237449830844,0.1168944346752053,0,0.07769866431058677,0.13107426848916376,0.39997921105971623,1,0.658779164242587,0
2020-12-03,0.08999637837723445,0.094553520085435,0.08416573802046401,0.09432852129693836,0.06480750488235007,0,0.06442554948840563,0.09121931307522238,0.40912129158311483,1,0.6783050330564285,0
2020-12-04,0.09451407437846726,0.0781853281853282,0.08258535102826464,0.08802454348694022,0.13917970294911172,0,0.007881527771820747,0.04707269997855458,0.37111301737079133,1,0.5150614850293563,0
2020-12-05,0.07813848366550236,0.08859771625729074,0.07512916624455479,0.0858811910315409,0.030132637240279835,0,0.01800720288115246,0.06999321467717522,0.3822224541990709,1,0.5709391850704174,0
2020-12-06,0.08855557838504213,0.09375256715682245,0.08082261169081151,0.09443358759377168,0.044759384648754445,0,0.008706852138073158,0.03863987635239567,0.38475012879958786,1,0.5969947519081936,0
2020-12-07,0.0937134059995891,0.08935898844491907,0.08076182757572692,0.09485385278110486,0.0,0,-0.013176247157180793,0.027926531926748113,0.40571162385885556,1,0.5541009275453092,0
2020-12-08,0.08931580028765151,0.0715517949560503,0.07796575828183572,0.08111118115530896,0.1603589955333385,0,-0.01762234710022369,-0.0034371760597959517,0.4451415789186535,1,0.3999742553291584,0
2020-12-09,0.07150195192110131,0.07625482625482627,0.06394488906898999,0.06999516695034563,0.16351955844660732,0,-0.03238495527535295,0.010022631749110895,0.4350281478327406,1,0.4301744090334061,0
2020-12-10,0.07620710910211631,0.07013472439004353,0.06268868402390843,0.07405072600811108,0.029938815638308143,0,-0.06297918948521358,-0.04769989047097481,0.4415736638400876,1,0.38070396095560377,0
2020-12-11,0.07014588041914938,0.0658200898886881,0.05723837503799012,0.06762066864191302,0.09370684305951768,0,-0.0634992602805629,-0.03751199396484298,0.43068973941460315,1,0.34646233165221096,1
2020-12-12,0.0657694678446682,0.08159451244557625,0.07030695978117718,0.07646539782008444,0.030543002835970688,0,0.025985758316505472,0.08535998506855139,0.447497077266447,1,0.4537331435711721,0
2020-12-13,0.08154920895829054,0.08902899860346669,0.07987032722115289,0.09056078572149023,0.05563357461815515,0,0.032429614181439,0.10474452554744526,0.4709071949947862,1,0.49813282200811615,0
2020-12-14,0.08898705568111775,0.0911237985706071,0.07853307668929188,0.0966045419765072,0.005442504815629072,0,0.05300280053936313,0.07965978632921895,0.46893475780520694,1,0.5105348421703931,0
2020-12-15,0.09108280254777074,0.09475889263123305,0.08374024921487189,0.09790077538927061,0.10144179523084615,0,0.07241318583380442,0.06490634215530094,0.46785549103242713,1,0.5325224414154769,0
2020-12-16,0.09471953975755087,0.13293764889509568,0.12096038901833656,0.10310787232343605,0.4106545903357258,0,0.11727178909841449,0.13195451055446106,0.5119148137723989,1,0.7069668400898826,0
2020-12-17,0.1329155537291966,0.1630863386182535,0.16525174754330868,0.14259597806215718,0.44992501959412395,0,0.15825506890195734,0.17431756341613272,0.5410339682261037,1,0.7942594865797058,0
2020-12-18,0.1631806040682145,0.17002793066622857,0.15830209705197046,0.16707642522431654,0.1092184786159566,0,0.1661477253070403,0.16792077495243038,0.5532347344750044,1,0.8110238046529087,0
2020-12-19,0.1700226011916992,0.18407541279881706,0.17524060378887651,0.1756078085271806,0.1614432709931803,0,0.18266969086021506,0.18308971774193547,0.5509912634408602,1,0.8428178631322428,0
2020-12-20,0.18393260735566058,0.1762507188039103,0.17769222976395505,0.18260522389627853,0.15983274741882963,0,0.09002433090024331,0.20382464677508857,0.5391215264438468,1,0.7739070266720726,0
2020-12-21,0.17624820217793302,0.16157236868479424,0.17430858069091282,0.15703208724705287,0.2600256739447132,0,-0.003245742753944609,0.15644759126556548,0.516946325743753,1,0.6540143561151773,0
2020-12-22,0.16156321709471955,0.18403222301918182,0.1689393171917739,0.16678223959318328,0.11212391013451917,0,0.028644037364225636,0.18465580199098858,0.5396518770746648,1,0.7222702815005121,0
2020-12-23,0.18399424696938566,0.17175306005093238,0.1756660925944687,0.173233310218748,0.21399982790587388,0,-0.025853154084798345,0.1728684994243364,0.5278708427537918,1,0.6324351316088964,0
2020-12-24,0.1717459405716047,0.18275008485993594,0.16849356701448692,0.17419992014961438,0.05396490388532487,0,0.01332859814620277,0.22804029006794513,0.5325872191158304,1,0.6674474576626087,0
2020-12-25,0.1827505061023218,0.2028072003614556,0.18899807516968903,0.17743596209208007,0.2512228319490921,0,0.08122165292274315,0.24927452321954088,0.5576657436262707,1,0.7244165417574572,0
2020-12-26,0.2028166878980891,0.23757496097921627,0.22792017019552224,0.21177162789720316,0.23742849630414645,0,0.09870529651118767,0.3086737591337599,0.604929390830273,1,0.8021683014898898,0
2020-12-27,0.23780562975138692,0.23404255319148937,0.25873771654341005,0.23959318329866142,0.3424914755450638,0,0.1155824854235738,0.3121484769307572,0.5979955032201517,1,0.7773593080342732,0
2020-12-28,0.23408670638997325,0.25071880391029333,0.24248809644412928,0.24495294542436274,0.11618032125462963,0,0.12233515203489441,0.30440246922707276,0.6206335711381362,1,0.8114771148733407,0
2020-12-29,0.25056502979248,0.25612010186478273,0.24019856144260965,0.2405597932295278,0.14490002541755806,0,0.0950326475325817,0.29784741543417775,0.6063113193732611,1,0.8220187112480067,0
2020-12-30,0.26354359290459556,0.2700375147183658,0.2556714956269206,0.2605714205663774,0.14064840045322097,0,0.056465152832188274,0.3112013431609531,0.6174849073004608,1,0.8482566512646282,0
2020-12-31,0.2765221560167112,0.28395492757194885,0.27114442981123155,0.28058304790322697,0.13639677548888385,0,0.08476527076987463,0.32130815913688465,0.6250610365754412,1,0.8724034297859792,0
2021-01-01,0.28950071912882674,0.2978723404255319,0.2866173639955425,0.30059467524007644,0.13214515052454676,0,0.07823094483628062,0.27363794337115405,0.6319125012777267,1,0.8946407140205602,0
2021-01-02,0.29794190469570575,0.3560749199047072,0.3610171208590822,0.306562440900208,0.4311334435867334,0,0.15122890967280864,0.2919864524749091,0.6670913215051425,1,0.9638544159107335,0
2021-01-03,0.35619478117937126,0.37219666474985624,0.3930503495086618,0.36907688751602263,0.3632960722127195,0,0.15088368518967885,0.2985925746178112,0.670710992477554,1,0.9782003344719009,0
2021-01-04,0.3727347441956031,0.3521112297708042,0.36712828034606426,0.2968963415915442,0.4895782763433086,0,0.10374075231843288,0.2557674273210378,0.6641137855579868,1,0.8495874685081622,0
2021-01-05,0.352208752825149,0.39308305265752075,0.38535102826461354,0.3246548572149026,0.26656997124028786,0,0.13641312343681036,0.31066647050169194,0.6870972487862292,1,0.9002495786164423,0
2021-01-06,0.39303472364906517,0.45007393411648733,0.4347685138283862,0.39765492025468063,0.35696890653812685,0,0.12451033732317737,0.3821468504896627,0.7120239390642003,1,0.9518111829049837,0
2021-01-07,0.45083213478528866,0.5043128234617597,0.5046976176962821,0.45625230048960896,0.4333163141070625,0,0.16326996776731556,0.3958047510659628,0.7320223603804472,1,0.9874718865218662,0
2021-01-08,0.5041709471953977,0.5270681015361867,0.5368250430554149,0.465317615415327,0.4261678867895747,0,0.21029894591325385,0.42709027623491075,0.7361820829939026,1,0.9999999999999999,2
2021-01-09,0.527039243887405,0.5200648977244722,0.5252760611893426,0.5103910567568135,0.1286797664181185,0,0.15392850029874527,0.408895958673571,0.7309549890460068,1,0.9659643430436576,0
2021-01-10,0.5202588863776454,0.47964758071141056,0.5252760611893426,0.4381054445355018,0.3655434833380839,0,0.03769633507853403,0.35287727225130894,0.7221543126701571,1,0.7844693429296549,0
2021-01-11,0.47978220669817134,0.4223075659245872,0.4620200587579779,0.3409191199646977,0.9999999999999999,0,-0.11277112516945323,0.2540386353366471,0.6981755535472209,1,0.5794256419678278,0
2021-01-12,0.42245736593384015,0.39591719378953427,0.4291763752406038,0.3785748807497531,0.4347182169836301,0,-0.18714649942853795,0.23098789672654807,0.6793072121443015,1,0.5000003732550543,0
2021-01-13,0.3956235874255188,0.4623568502020866,0.45186911153885123,0.378764000084053,0.2754123941556386,0,-0.07521586411188576,0.2758460771803713,0.7036517916853543,1,0.6096876564075072,0
2021-01-14,0.46268748715841385,0.49887045099811056,0.496950663559923,0.4676500872050263,0.23345674488536086,0,0.02391659852820932,0.30202371218315616,0.7110588716271463,1,0.6591500327284122,0
2021-01-15,0.4992465428378878,0.44968372627947095,0.4908722520514639,0.42213536741684,0.28991774322501057,0,0.036280993984921475,0.23808098128339816,0.6901281946599167,1,0.5252375614023207,0
2021-01-16,0.4498048078898706,0.43530764807360556,0.45634687468341606,0.4414255395154342,0.18701089999549966,0,0.05321716933492411,0.20448008286858488,0.6792541827363281,1,0.4891759882574821,0
2021-01-17,0.4353400452023834,0.4324118951778526,0.43468746834160676,0.4088549874971107,0.16525668668019694,0,-0.04061503482005572,0.1824791086350975,0.6812813370473537,1,0.48168014701944517,0
2021-01-18,0.43254571604684616,0.44882116158711904,0.4473913483942863,0.4293219021202378,0.13395429601391445,0,-0.06640507915747024,0.12305512411782338,0.6882748848742473,1,0.5115294145663803,0
2021-01-19,0.44865420176700227,0.4322065226320546,0.4551225678269679,0.45077643993359806,0.16091482428689205,0,-0.023711340206185566,0.08141543605461131,0.6793257174700473,1,0.4649655145260869,0
2021-01-20,0.43227861105403736,0.4245255894192065,0.42443521426400566,0.3969824959549475,0.2591108962426054,0,-0.01478207005293389,0.09927919810789504,0.6811296317152833,1,0.44331973747636355,0
2021-01-21,0.4245120197246764,0.3291505791505792,0.40810454867794554,0.33169429910273385,0.4386635886679935,1,-0.162866027468256,-0.10083570873283235,0.6315431458927183,1,0.22466032816186365,0
2021-01-22,0.3295995398132319,0.3740450176620389,0.3723229662648161,0.3063312950471747,0.29360642679147403,0,-0.11013975437110533,-0.1119849960675177,0.6515820678806945,1,0.3222728121022199,0
2021-01-23,0.3734949660982125,0.35434979052000326,0.36632560024313643,0.3578227638487885,0.10445427341985358,0,-0.11810336770615908,-0.22748372223433752,0.6337269073802922,1,0.2831476743879373,0
2021-01-24,0.3544277789192521,0.35888852378214087,0.3586262789990883,0.34882010548656195,0.07872223606007683,0,-0.09888613861386139,-0.25337252475247524,0.6310334158415841,1,0.29326632091466276,0
2021-01-25,0.35911238956235875,0.35816971987184754,0.39396211123493063,0.36888776818172264,0.15177666432727208,0,0.043766455010066596,-0.24416911878581385,0.603221310205978,1,0.2916888125742504,0
2021-01-26,0.3575713992192316,0.36297543744352256,0.35451322054503087,0.3457949077917166,0.1366961181839249,0,-0.0165749254282112,-0.17469786893815922,0.6006027245610258,1,0.3038008726829049,0
2021-01-27,0.3630434703404561,0.31989313541875464,0.34691520615945703,0.31250919330097293,0.2732059555498045,0,-0.05515106026156843,-0.16392375904986495,0.5748036086954924,1,0.20714625039792756,1
2021-01-28,0.3199555485886583,0.38051425285467844,0.37130989768007294,0.3258526129988022,0.15045844533338365,0,0.0315524525814281,-0.02247325682437899,0.6066569791442185,1,0.35262439440345694,0
2021-01-29,0.3806246147524142,0.39858703688490926,0.4708073411536825,0.3693290466284225,0.5760108457903458,0,0.0574548214754912,-0.09065132251306456,0.6193910022479783,1,0.39042654730480786,0
2021-01-30,0.39932196424902405,0.40039431528793235,0.3941849863235741,0.38698018449641725,0.10938034912285682,0,0.05305611368335226,-0.13962901488017238,0.6197256923211322,1,0.3942896394315918,0
2021-01-31,0.3873412710011301,0.39243612913825676,0.3919359740654442,0.38178990943285207,0.08763504097959476,0,0.1040323810561503,-0.08209757462411828,0.5986864388060141,1,0.3733133080323736,0
2021-02-01,0.3753605777532361,0.3844779429885813,0.3896869618073143,0.376599634369287,0.06588973283633273,0,0.005749865935768337,-0.07373532741464578,0.604748853006018,1,0.35177661236822966,0
2021-02-02,0.38463118964454485,0.42577836194857477,0.41697838046378277,0.40112210805017967,0.1031654990352085,0,0.03721505467015206,-0.009078899288866403,0.6219186553110155,1,0.44898440930438344,0
2021-02-03,0.42586809122662833,0.46870122402037295,0.4498704419499544,0.44253924226186725,0.1425193425405846,0,0.08830010353890673,0.025698887620463535,0.6397907983115194,1,0.5335645313108214,0
2021-02-04,0.4688309019930142,0.45400781058490103,0.47160368756964843,0.4583202000462291,0.09034769373960619,0,0.08113457892494452,0.028728114557151962,0.6302725968537144,1,0.4899026186916414,0
2021-02-05,0.45399630162317645,0.480879815986199,0.46382332083882083,0.46566543435331686,0.047953311630980634,0,0.12268687924725562,0.07171981181390485,0.6404600104547831,1,0.5412174894261491,0
2021-02-06,0.481033078522704,0.5008831019469318,0.516887853307669,0.4999894933703166,0.17255102507202694,0,0.09320997094356935,0.21313146760462864,0.6543304276902686,1,0.577069757952113,0
2021-02-07,0.5010889665091431,0.4927298118787481,0.491373022836592,0.48202315661182205,0.11674641542097755,0,0.03012591085820223,0.1488014007261117,0.638757122445091,1,0.5502777345365005,0
2021-02-08,0.4929525374974317,0.6489567074673458,0.6319927059061898,0.49456807245371825,0.49179631774139515,1,0.20438488689604686,0.30886659202480404,0.6953535440530532,1,0.7577239101547361,0
2021-02-09,0.6491678652147113,0.6498603466688574,0.6646337757066153,0.6440353863287734,0.29760359032088163,0,0.17699191189124075,0.304766821545345,0.6651178798829805,1,0.7585806882769214,0
2021-02-10,0.6500124459671255,0.6160354883759139,0.6465201094114071,0.6170753745613482,0.16901346065147527,0,0.12504181441091858,0.28001159652996144,0.6527088188276354,1,0.6595959443205127,0
2021-02-11,0.616211218409698,0.6810769736301652,0.6711376760206667,0.6200260429094958,0.1751595531842412,0,0.19103066155640727,0.322633727712048,0.6907807032161306,1,0.7300193102849258,0
2021-02-12,0.6811588247380316,0.6685287110819026,0.6781683719987843,0.6606769120073966,0.18584481615974716,0,0.020106757811675844,0.3581611378397367,0.6729750828111484,1,0.6951492763277157,0
2021-02-13,0.6680912266283132,0.6640105150743449,0.6632560024313646,0.6691462312719325,0.06424438220341619,0,0.014604574262882336,0.2926002077283422,0.6749576711961337,1,0.6821468155188565,0
2021-02-14,0.6642461692533388,0.6929064322681344,0.692634991388917,0.6854315072810944,0.1104088759147602,0,0.07704182446896098,0.2949736538778199,0.6848441746013091,1,0.7155891328568417,0
2021-02-15,0.6934045613314157,0.6789821736630247,0.6784520312025124,0.6581248148412447,0.16604567275458254,0,-0.0021291696238466998,0.28315868575961256,0.6720806534129337,1,0.6730987326978449,0
2021-02-16,0.6797822066981714,0.7056189928530354,0.7094721912673488,0.6857677194309609,0.2350513217264649,0,0.03670507895860008,0.30993028880352824,0.6687968631205414,1,0.7059313782421345,0
2021-02-17,0.7054242860078077,0.7654440154440154,0.7517576739945294,0.7268276282334152,0.15135232045192007,0,0.09476936065699593,0.3559367564663443,0.6870712485436334,1,0.7698359900501478,0
2021-02-18,0.7655845490034929,0.7541485254251212,0.7509877418701246,0.7659753304335035,0.07832935705120675,0,0.05782880192374821,0.3100686498855835,0.6886126517472754,1,0.7346570316406461,0
2021-02-19,0.7544072323813438,0.8424587201182947,0.8280417384256914,0.7637058984219041,0.20806194153610788,0,0.14248380052267925,0.3257616439336985,0.7142269000823399,1,0.8157944345556153,0
2021-02-20,0.8427573453873023,0.8406309044606917,0.8512004862729207,0.831893925066717,0.20439272981082787,0,0.1178622012657547,0.33751280432794883,0.7002527923696147,1,0.8102586845112488,0
2021-02-21,0.8411341688925416,0.8734699745338044,0.8681439374259953,0.8610183025489082,0.09619923806093475,0,0.09167596207473508,0.3331706636921361,0.6919465354852203,1,0.8368930277489434,2
2021-02-22,0.8737415245531128,0.805676497165859,0.8504710768919056,0.7111727500052534,0.5468932809679109,0,0.046398520573277854,0.2744521497919556,0.6713083680073971,1,0.6447510316855539,0
2021-02-23,0.8058632047302239,0.6988622360962786,0.7833856752102119,0.6427745907667738,0.6624923497111374,0,-0.14306175062405369,0.205364815648402,0.6354298809182797,1,0.4192550067591163,0
2021-02-24,0.6992603246352989,0.7161546044524769,0.7269873644202208,0.6827418100821618,0.21236386638343666,0,-0.12191246278863947,0.0658138225118674,0.6246681148925899,1,0.4437669622924123,0
2021-02-25,0.7163755907129647,0.6637024562556478,0.7438962617769224,0.6795477946584294,0.1588924257868192,0,-0.21657266443323014,0.014291166617191807,0.6043427279748526,1,0.3509458643261041,0
2021-02-26,0.663776453667557,0.6463690133902901,0.667956640664573,0.6223286894030132,0.4379619111182569,0,-0.16747268880348892,0.03188825078803057,0.602918951595492,1,0.32209344695365605,0
2021-02-27,0.6455927676186564,0.6447260330239054,0.6672677540269476,0.6448759167034398,0.1162304269594649,0,-0.05700938621912713,-0.03828020243090099,0.6026644751070548,1,0.31925571354985927,1
2021-02-28,0.6354709727347443,0.6790437854267641,0.6808023503191166,0.6448759167034398,0.13608418934535618,0,-0.03771733912208562,0.010686927299672296,0.6006804566991588,1,0.3792528426761086,0
2021-03-01,0.6253491778508322,0.713361537829623,0.6943369466112855,0.6448759167034398,0.15593795173124747,0,0.04876966518757563,0.04846712384025817,0.6222872125857201,1,0.43505449226160753,0
2021-03-02,0.7136018080953359,0.6919206440483037,0.7025428021477055,0.6881212044800269,0.13307921940664905,0,0.04569803856930938,-0.0009889566507334763,0.6453828951504038,1,0.39179311597858,0
2021-03-03,0.6916375590712964,0.7303663846217039,0.7515550602775808,0.7096671654273046,0.13807126744884038,0,0.08272496429138232,0.049634978574829396,0.6593596254562768,1,0.45441097550606546,0
2021-03-04,0.7306348880213684,0.6888811303704921,0.7355485766386384,0.6974721048981907,0.15895536266298185,0,0.00989914854922708,-0.0168430189303133,0.6332561792179879,1,0.37114731910985777,0
2021-03-05,0.6891308814464763,0.6979585968947672,0.6891905582007901,0.6725503792893315,0.15585554749826097,0,-0.015359410198648372,-0.06729469588367806,0.6273604856031129,1,0.38692358107646685,0
2021-03-06,0.6981097185124305,0.6985747145321615,0.6841049539053794,0.6881422177393935,0.04197200385405667,0,0.006631191158411789,-0.05538272615636512,0.6212649663528449,1,0.3880522865845001,0
2021-03-07,0.6995274296281075,0.74252443933295,0.7287610171208591,0.7246212359999158,0.06754682233676065,0,0.011607843137254902,-0.09541176470588235,0.6310980392156863,1,0.4659881691975353,0
2021-03-08,0.7430039038422025,0.7712560584901011,0.7490629115591126,0.7345815209397129,0.08455291250130093,0,0.07654726235233497,-0.06446687913891487,0.6327983358461039,1,0.5121331593524246,0
2021-03-09,0.7715224984590097,0.823755603939867,0.7999454536934455,0.7897203135178297,0.12949559013055273,0,0.11145980442616561,-0.04404837725259721,0.6460942399402928,1,0.5872609316171532,0
2021-03-10,0.824045774954592,0.8449026534132917,0.8503697700334313,0.814137720901889,0.18342934914961995,0,0.12726623202643567,0.03411628114673573,0.6668393319639189,1,0.6147549122137103,0
2021-03-11,0.8445654407232381,0.883759139078288,0.8670246175666093,0.8403202420727478,0.13930425874203844,0,0.11882094787221176,0.15555401973149957,0.6689704027506609,1,0.6621494174686228,0
2021-03-12,0.8840558865831107,0.8718475314219996,0.8648566507952588,0.8567526108974763,0.15903045947685937,0,0.08548440581531319,0.1323105921776009,0.6612388083145715,1,0.6297291381747193,0
2021-03-13,0.8720772549825353,0.9520637273884827,0.9364603383649074,0.8766521675177037,0.24946250046289084,0,0.1020798111293489,0.22941543608536283,0.6863535561489289,1,0.7192569097259366,2
2021-03-14,0.9524142182042326,0.9068224759714123,0.9365819065950766,0.9369602219000188,0.0960743072230831,0,0.05110169491525424,0.21494915254237287,0.6893389830508475,1,0.6058630847520129,0
2021-03-15,0.9071707417300185,0.8388030888030888,0.9138081248100497,0.8437874298682468,0.2731626874450673,0,-0.03930828903893119,0.16969544605660106,0.6667504668869415,1,0.4606518709282126,0
2021-03-16,0.8388329566468049,0.8641871354637312,0.839854118123797,0.8181512534409212,0.17944772096094036,0,-0.006552596444381983,0.1583690534748085,0.679221418031059,1,0.4956051804210079,0
2021-03-17,0.8644750359564413,0.9037213505298611,0.8844899199675819,0.8319149383260838,0.19633512111231818,0,-0.03999875977501741,0.1575048004214175,0.6932843070084455,1,0.5470725605858427,0
2021-03-18,0.9044175056502979,0.8788918097428735,0.906007496707527,0.8950387694635313,0.10824740287153137,0,-0.02359472588480222,0.15794587092297016,0.6735253296321999,1,0.49470205002788037,0
2021-03-19,0.8792479967125539,0.8873044438363591,0.8916219228041738,0.8797411166446027,0.09177692318710884,0,0.04068291325007195,0.13163956850864866,0.6695930591175187,1,0.5065818810434249,0
2021-03-20,0.8876104376412575,0.8879076645034092,0.902157836085503,0.9117443106600265,0.09812907389208594,0,0.019886706038327106,0.16685893352158268,0.6680039256874257,1,0.5074818392688122,0
2021-03-21,0.8879186357098827,0.8732646019880064,0.873467733765576,0.8604089180272751,0.13127428711774136,0,-0.02585154969842764,0.14879894013875816,0.6607921068228567,1,0.47229664249267744,0
2021-03-22,0.8730634888021367,0.8055738108929598,0.872272312835579,0.825589947256719,0.14079174656118906,0,-0.0660255224708711,0.09635657481043092,0.6057333086739412,1,0.3278326395391836,0
2021-03-23,0.8058557633038832,0.8110531468923026,0.8175125940391045,0.8069301729391245,0.0936323542257197,0,-0.06832990096067389,0.06140957581257948,0.5806525214601066,1,0.33839304753739685,0
2021-03-24,0.8115471543044996,0.7697979134149346,0.8456691318002229,0.7798230683561327,0.2578901127720145,0,-0.10990292004280691,-0.0013568261733679866,0.5580950924935025,1,0.2592634974297141,0
2021-03-25,0.7700842408054243,0.7498767764725212,0.762678553338061,0.7551955283784066,0.20334795737652098,0,-0.11698274854939834,-0.07004376858600411,0.5364305463608396,1,0.22363156658197225,1
2021-03-26,0.7501193909467845,0.8245296968701223,0.8008509776111844,0.7751581247767341,0.11862334924844056,0,0.016783954321459096,-0.018038659465750187,0.5740003273143854,1,0.3712107444149302,0
2021-03-27,0.8245942058763098,0.8428694652098907,0.8343835477661837,0.8321040576603838,0.06318584581622572,0,0.02772072024335258,-0.03562609598110439,0.5935962177289481,1,0.4028489547874672,0
2021-03-28,0.8430655434559275,0.8406925162244312,0.83345152466822,0.8487045325600453,0.04211394786396946,0,0.06188598063822159,-0.027196127644316958,0.5732180530073503,1,0.3982033407482092,0
2021-03-29,0.8410519827409082,0.879610613653167,0.8716036875696486,0.8493559436004119,0.1711762005133018,0,0.10952752492414392,-0.061168392093628086,0.5976072821846554,1,0.46642267061287945,0
2021-03-30,0.8799260324635299,0.903536515238643,0.892493161787053,0.8977704931811972,0.12214161864345008,0,0.06538069340584636,-0.002719238613188307,0.5964740460231135,1,0.5053080477690023,0
2021-03-31,0.8914064372097801,0.902345354473014,0.8920879343531557,0.906385929521528,0.08362850730223975,0,0.04926678234833793,0.052635160423258824,0.5794616004899459,1,0.5022794087783636,0
2021-04-01,0.9028868419560303,0.9011541937073853,0.8916827069192584,0.9150013658618588,0.04511539596102943,0,0.05013282473945917,0.03065186295211498,0.550217968803215,1,0.4990377913802194,0
2021-04-02,0.9016231764947606,0.90598044853364,0.906007496707527,0.9228390362016432,0.08452108288737725,0,0.021777845621533606,0.0018657032853338761,0.5549280008141251,1,0.5081951409260405,0
2021-04-03,0.9062912510786931,0.8661587119033929,0.8989362779860196,0.8922440059677657,0.09503512789154345,0,-0.03191862504384427,-0.010873377762188706,0.5255524377411435,1,0.3970242338672296,0
2021-04-04,0.8666529689747278,0.8912190747293189,0.8713605511093102,0.8844270734833679,0.0587087774998351,0,-0.009302173563248936,0.0032728438293135324,0.5309772009619661,1,0.44980966741331074,0
2021-04-05,0.891555372919663,0.9098003778854844,0.8869618073143551,0.891781714261699,0.0723303774483754,0,0.0071180995857638004,0.018023501563952996,0.5266942824132781,1,0.48704046203250717,0
2021-04-06,0.9101294431888227,0.8861003861003862,0.8920068888663762,0.903360020172729,0.07279959201739761,0,-0.016692245348416134,0.010777534445000085,0.5055899478654734,1,0.4203009745209303,0
2021-04-07,0.8864803780562975,0.8444302965579562,0.8745821092087934,0.8645695433818739,0.14343400135481973,0,-0.01890568600121511,0.03380865587362853,0.47555484078481824,1,0.31550818665389546,0
2021-04-08,0.8447298130265051,0.8885443193953833,0.8647756053084793,0.867910651621173,0.048007170638410944,0,-0.0022412525678884624,0.0649320284205817,0.4461710548958871,1,0.41188623778886235,0
2021-04-09,0.8888637764536675,0.8890372135052986,0.8794650997872556,0.9099161570951271,0.031992202098164245,0,-0.01739085560945402,0.09987270788179034,0.4328964117383975,1,0.4129134884057146,0
2021-04-10,0.8893587557633038,0.9234987266902162,0.9273427211022186,0.9138456365966925,0.16410474581521334,0,0.030445395572794756,0.1413428743395974,0.4651574934795693,1,0.48299094177705626,0
2021-04-11,0.9239382326957057,0.9280169226977739,0.9167865464491946,0.9434323057849503,0.05159777050660758,0,0.0677971748400853,0.08393856609808102,0.43388526119402987,1,0.4918516770687026,0
2021-04-12,0.9283747688514485,0.9247720364741643,0.9292675514132306,0.9472987455084156,0.07020359477477434,0,0.02946186992684638,0.06660654040150983,0.38604402578748703,1,0.4818596910663173,0
2021-04-13,0.9253749743168276,1.0,0.9741870124607436,0.95501061169598,0.1962608484808655,0,0.08503706501723406,0.1220863433904654,0.3798731447817807,1,0.6179205861443736,2
2021-04-14,1.0,0.9872052903967798,1.0,0.9854167979995376,0.1888658617153531,0,0.04930540102361954,0.08327240359856312,0.3561210541373939,1,0.5781498667919237,0
2021-04-15,0.9874666118758988,0.9929967961882855,0.9800628102522541,1.0,0.09459173563195983,0,0.05006645990252548,0.06892841319070828,0.3643901512753972,1,0.5880594295321365,0
2021-04-16,0.9936100267104993,0.9545099811057258,0.9734778644514234,0.9580785475635125,0.20222403431114058,0,0.02361305893480317,0.04142069730276247,0.377058804344281,1,0.4694780769790312,0
2021-04-17,0.9548387096774194,0.925860510966894,0.9517981967379191,0.9508709996007481,0.10347787438844477,0,-0.06023995861631652,0.02007442388239024,0.4091477964857243,1,0.3913310801253288,0
2021-04-18,0.9265666735155125,0.8487431200197157,0.90781075878837,0.7583475172834058,0.5253766183062061,0,-0.12002421135085095,-0.049615466780602434,0.39252652567115287,1,0.22167099449081618,0
2021-04-19,0.8490240394493527,0.8376119280374601,0.8515044068483436,0.837273319464582,0.13731568083726808,0,-0.13600575229192882,-0.02498651806579184,0.3284544355556354,1,0.20082606738439046,0
2021-04-20,0.8376823505239366,0.8548868749281195,0.8433795967987033,0.8179621341066212,0.13345688196632807,0,-0.08589958126880926,-0.031327278070750184,0.3069735818705176,1,0.24437604447787398,0
2021-04-21,0.8551911180193137,0.7996180070648156,0.8371188329449905,0.823677740654353,0.10538179323922553,0,-0.11429899590925995,-0.09975827445146895,0.316827817032354,1,0.14208463475370614,0
2021-04-22,0.7998934657887815,0.7576221397461596,0.8109816634586161,0.7599235117359053,0.2273204811882051,0,-0.08576110955078506,-0.12092096603217932,0.3033554769401153,1,0.07679042543257752,0
2021-04-23,0.7580028765153071,0.7453585804649634,0.7427211022186203,0.6965685347454244,0.327048120118853,0,-0.0878407446517267,-0.09433298134459697,0.2979780202589073,1,0.05884765526614577,0
2021-04-24,0.7456133141565646,0.7252936827404912,0.7238780265423969,0.7237176658471496,0.08074449965498967,0,-0.12579796483323696,-0.1584697274775224,0.268375829827954,1,0.02973551040863298,0
2021-04-25,0.725292788165194,0.7040992360141296,0.7131394995441193,0.6871545945491605,0.15983394460517183,0,-0.09466913635530949,-0.1832929634228256,0.2694742412831525,1,0.0,0
